date,open,close,high,low,vol,ret_1d,ret_5d,ret_20d,rsi_14,macd,macd_signal,macd_hist,vol_20d,vol_sma_5,vol_ratio
2024-01-30,1.282,1.279,1.285,1.276,117246349.0,0.0039,-0.0162,0.0449,56.9672,0.0125,0.0133,-0.0008,0.2526,201377689.8,0.5822
2024-01-31,1.267,1.28,1.286,1.262,182189349.0,0.0008,0.0023,0.0561,47.2362,0.0122,0.0131,-0.0008,0.2486,157079439.6,1.1599
2024-02-01,1.272,1.272,1.279,1.271,90817800.0,-0.0062,0.0008,0.0539,44.878,0.0113,0.0127,-0.0015,0.2495,131450339.6,0.6909
2024-02-02,1.287,1.287,1.297,1.282,183726500.0,0.0118,0.0231,0.0734,43.7811,0.0116,0.0125,-0.0009,0.2489,135839579.6,1.3525
2024-02-05,1.287,1.281,1.287,1.28,108318000.0,-0.0047,0.0055,0.0622,51.7647,0.0112,0.0122,-0.001,0.2505,136459599.6,0.7938
2024-02-06,1.272,1.271,1.277,1.267,114560600.0,-0.0078,-0.0063,0.0342,54.321,0.01,0.0118,-0.0018,0.2459,135922449.8,0.8428
2024-02-07,1.271,1.271,1.275,1.267,66828400.0,0.0,-0.007,0.0209,55.0,0.0089,0.0112,-0.0023,0.2424,112850260.0,0.5922
2024-02-08,1.283,1.303,1.306,1.278,136517900.0,0.0252,0.0244,0.0093,59.5506,0.0105,0.0111,-0.0005,0.222,121990280.0,1.1191
2024-02-19,1.336,1.346,1.347,1.323,154367900.0,0.033,0.0458,0.041,60.8696,0.0151,0.0119,0.0032,0.2502,116118560.0,1.3294
2024-02-20,1.353,1.336,1.358,1.335,102518700.0,-0.0074,0.0429,0.0183,59.5745,0.0177,0.0131,0.0047,0.2478,114958700.0,0.8918
2024-02-21,1.333,1.333,1.336,1.322,132816800.0,-0.0022,0.0488,0.0455,66.6667,0.0193,0.0143,0.005,0.2231,118609940.0,1.1198
2024-02-22,1.347,1.367,1.369,1.345,190498800.0,0.0255,0.0755,0.0875,74.4898,0.0231,0.0161,0.007,0.2286,143344020.0,1.329
2024-02-23,1.377,1.381,1.387,1.368,128666700.0,0.0102,0.0599,0.1004,81.2183,0.0269,0.0182,0.0087,0.2284,141773780.0,0.9075
2024-02-26,1.383,1.377,1.409,1.375,146338400.0,-0.0029,0.023,0.0851,77.8378,0.0292,0.0204,0.0088,0.2288,140167880.0,1.044
2024-02-27,1.386,1.372,1.39,1.368,163031900.0,-0.0036,0.0269,0.0505,75.1351,0.0303,0.0224,0.0079,0.2101,152270520.0,1.0707
2024-02-28,1.368,1.368,1.372,1.361,139459600.0,-0.0029,0.0263,0.0523,73.4043,0.0305,0.024,0.0065,0.2095,153599080.0,0.9079
2024-02-29,1.362,1.371,1.372,1.358,101604300.0,0.0022,0.0029,0.0736,77.0492,0.0306,0.0253,0.0052,0.1953,135820180.0,0.7481
2024-03-01,1.39,1.402,1.403,1.388,157381500.0,0.0226,0.0152,0.1031,78.8945,0.0328,0.0268,0.0059,0.2037,141563140.0,1.1117
2024-03-04,1.415,1.424,1.437,1.41,208487200.0,0.0157,0.0341,0.132,83.2558,0.0358,0.0286,0.0072,0.1987,153992900.0,1.3539
2024-03-05,1.414,1.43,1.438,1.41,148332000.0,0.0042,0.0423,0.1224,87.6777,0.0383,0.0306,0.0077,0.1974,151052920.0,0.982
2024-03-06,1.43,1.455,1.456,1.424,227310751.0,0.0175,0.0636,0.1376,88.9831,0.0418,0.0328,0.009,0.2014,168623150.2,1.348
2024-03-07,1.468,1.435,1.468,1.415,270920100.0,-0.0137,0.0467,0.1211,79.4643,0.0425,0.0347,0.0077,0.2132,202486310.2,1.338
2024-03-08,1.448,1.446,1.458,1.443,171837300.0,0.0077,0.0314,0.1368,76.0417,0.0434,0.0365,0.0069,0.2084,205377470.2,0.8367
2024-03-11,1.408,1.404,1.409,1.395,279742547.0,-0.029,-0.014,0.0909,65.1786,0.0403,0.0372,0.003,0.2424,219628539.6,1.2737
2024-03-12,1.389,1.402,1.405,1.383,187029400.0,-0.0014,-0.0196,0.0945,65.4709,0.0372,0.0372,-0.0,0.241,227368019.6,0.8226
2024-03-13,1.4,1.395,1.407,1.393,138369500.0,-0.005,-0.0412,0.0976,57.1429,0.0338,0.0365,-0.0027,0.2393,209579769.4,0.6602
2024-03-14,1.39,1.402,1.405,1.386,112620800.0,0.005,-0.023,0.1031,55.5556,0.0313,0.0355,-0.0042,0.2386,177919909.4,0.633
2024-03-15,1.388,1.377,1.399,1.376,145046700.0,-0.0178,-0.0477,0.0568,50.0,0.027,0.0338,-0.0068,0.2393,172561789.4,0.8405
2024-03-18,1.404,1.403,1.406,1.395,137356400.0,0.0189,-0.0007,0.0423,56.71,0.0255,0.0321,-0.0067,0.2202,144084560.0,0.9533
2024-03-19,1.395,1.419,1.421,1.39,211948600.0,0.0114,0.0121,0.0621,60.4938,0.0252,0.0308,-0.0056,0.2195,149068400.0,1.4218
2024-03-20,1.427,1.421,1.437,1.417,132882900.0,0.0014,0.0186,0.066,60.3306,0.0248,0.0296,-0.0047,0.2186,147971080.0,0.898
2024-03-21,1.434,1.443,1.444,1.428,155867100.0,0.0155,0.0292,0.0556,58.7983,0.0261,0.0289,-0.0028,0.2078,156620340.0,0.9952
2024-03-22,1.444,1.443,1.455,1.437,158721694.0,0.0,0.0479,0.0449,54.5024,0.0267,0.0284,-0.0017,0.2061,159355338.8,0.996
2024-03-25,1.436,1.418,1.437,1.414,97265900.0,-0.0173,0.0107,0.0298,47.3913,0.0249,0.0277,-0.0028,0.217,151337238.8,0.6427
2024-03-26,1.42,1.425,1.427,1.416,83026996.0,0.0049,0.0042,0.0386,42.9245,0.0238,0.0269,-0.0032,0.2164,125552918.0,0.6613
2024-03-27,1.431,1.44,1.451,1.431,210209994.0,0.0105,0.0134,0.0526,51.2077,0.0238,0.0263,-0.0025,0.2176,141018336.8,1.4907
2024-03-28,1.428,1.425,1.432,1.421,136098800.0,-0.0104,-0.0125,0.0394,45.0237,0.0224,0.0255,-0.0031,0.2225,137064676.8,0.993
2024-03-29,1.429,1.437,1.442,1.429,143089900.0,0.0084,-0.0042,0.025,59.116,0.022,0.0248,-0.0028,0.2105,133938318.0,1.0683
2024-04-01,1.431,1.422,1.434,1.417,138046100.0,-0.0104,0.0028,-0.0014,55.1546,0.0202,0.0239,-0.0037,0.2072,142094358.0,0.9715
2024-04-02,1.428,1.418,1.429,1.417,73630200.0,-0.0028,-0.0049,-0.0084,56.0209,0.0183,0.0228,-0.0045,0.2068,140214998.8,0.5251
2024-04-03,1.4,1.399,1.408,1.398,83198800.0,-0.0134,-0.0285,-0.0385,49.2611,0.015,0.0212,-0.0062,0.2005,114812760.0,0.7246
2024-04-08,1.401,1.393,1.41,1.387,80034400.0,-0.0043,-0.0225,-0.0293,54.3478,0.0118,0.0193,-0.0075,0.1958,103599880.0,0.7725
2024-04-09,1.4,1.404,1.404,1.395,56767900.0,0.0079,-0.023,-0.029,50.2959,0.0101,0.0175,-0.0074,0.1959,86335480.0,0.6575
2024-04-10,1.4,1.396,1.401,1.392,52835300.0,-0.0057,-0.0183,-0.0057,42.8571,0.0079,0.0156,-0.0076,0.1677,69293320.0,0.7625
2024-04-11,1.381,1.383,1.387,1.377,57852600.0,-0.0093,-0.0247,-0.0136,38.9535,0.0051,0.0135,-0.0084,0.1708,66137800.0,0.8747
2024-04-12,1.386,1.386,1.395,1.384,68799700.0,0.0022,-0.0093,-0.0065,31.3725,0.0031,0.0114,-0.0083,0.1703,63257980.0,1.0876
2024-04-15,1.367,1.375,1.377,1.364,68997300.0,-0.0079,-0.0129,-0.0193,29.2683,0.0006,0.0093,-0.0086,0.1711,61050560.0,1.1302
2024-04-16,1.348,1.32,1.348,1.318,178059651.0,-0.04,-0.0598,-0.0414,24.7423,-0.0057,0.0063,-0.012,0.2131,85308910.2,2.0872
2024-04-17,1.314,1.301,1.325,1.297,153368800.0,-0.0144,-0.0681,-0.0727,19.9029,-0.0121,0.0026,-0.0147,0.2023,105415610.2,1.4549
2024-04-18,1.296,1.314,1.315,1.296,99779600.0,0.01,-0.0499,-0.074,19.1176,-0.016,-0.0011,-0.0149,0.201,113801010.2,0.8768
2024-04-19,1.28,1.281,1.281,1.266,193511800.0,-0.0251,-0.0758,-0.0985,17.5676,-0.0215,-0.0052,-0.0163,0.2136,138743430.2,1.3947
2024-04-22,1.276,1.288,1.29,1.275,95449800.0,0.0055,-0.0633,-0.1074,15.6682,-0.0249,-0.0091,-0.0158,0.2035,144033930.2,0.6627
2024-04-23,1.29,1.29,1.292,1.284,62173200.0,0.0016,-0.0227,-0.106,17.6471,-0.0272,-0.0128,-0.0145,0.2041,120856640.0,0.5144
2024-04-24,1.322,1.322,1.323,1.314,92837400.0,0.0248,0.0161,-0.0677,29.3103,-0.0262,-0.0154,-0.0107,0.2255,108750360.0,0.8537
2024-04-25,1.299,1.289,1.3,1.288,83879800.0,-0.025,-0.019,-0.0954,27.6423,-0.0276,-0.0179,-0.0098,0.2355,105570400.0,0.7945
2024-04-26,1.293,1.296,1.307,1.288,122811400.0,0.0054,0.0117,-0.1,30.3644,-0.0279,-0.0199,-0.0081,0.2318,91430320.0,1.3432
2024-04-29,1.296,1.304,1.314,1.288,129654400.0,0.0062,0.0124,-0.0849,29.5082,-0.0272,-0.0214,-0.0059,0.2343,98271240.0,1.3194
2024-04-30,1.314,1.305,1.318,1.298,102783900.0,0.0008,0.0116,-0.0919,30.8017,-0.0263,-0.0223,-0.0039,0.2303,106393380.0,0.9661
2024-05-06,1.315,1.326,1.327,1.314,91223400.0,0.0161,0.003,-0.0675,38.3673,-0.0235,-0.0226,-0.001,0.2405,106070580.0,0.86
2024-05-07,1.325,1.326,1.328,1.32,84856600.0,0.0,0.0287,-0.0649,37.6033,-0.0211,-0.0223,0.0012,0.2408,106265940.0,0.7985
2024-05-08,1.314,1.305,1.318,1.304,77142900.0,-0.0158,0.0069,-0.0672,36.1111,-0.0207,-0.022,0.0013,0.2423,97132240.0,0.7942
2024-05-09,1.305,1.291,1.309,1.29,86073600.0,-0.0107,-0.01,-0.0732,43.128,-0.0212,-0.0218,0.0006,0.2437,88416080.0,0.9735
2024-05-10,1.302,1.296,1.303,1.294,73798900.0,0.0039,-0.0069,-0.0769,48.731,-0.021,-0.0217,0.0007,0.2416,82619080.0,0.8932
2024-05-13,1.29,1.293,1.297,1.287,66928700.0,-0.0023,-0.0249,-0.0738,44.385,-0.0208,-0.0215,0.0007,0.2416,77760140.0,0.8607
2024-05-14,1.292,1.292,1.293,1.286,65578000.0,-0.0008,-0.0256,-0.0658,53.5484,-0.0205,-0.0213,0.0008,0.2409,73904420.0,0.8873
2024-05-15,1.297,1.296,1.302,1.293,62722100.0,0.0031,-0.0069,-0.0649,52.6316,-0.0197,-0.021,0.0012,0.2412,71020260.0,0.8832
2024-05-16,1.315,1.332,1.333,1.315,144596500.0,0.0278,0.0318,-0.0313,61.2903,-0.016,-0.02,0.004,0.2642,82724840.0,1.7479
2024-05-17,1.32,1.315,1.321,1.313,101045800.0,-0.0128,0.0147,-0.0038,47.9532,-0.0143,-0.0189,0.0046,0.2265,88174220.0,1.146
2024-05-20,1.334,1.328,1.337,1.326,88459600.0,0.0099,0.0271,0.0208,62.9139,-0.0117,-0.0174,0.0057,0.2225,92480400.0,0.9565
2024-05-21,1.329,1.318,1.331,1.315,83777800.0,-0.0075,0.0201,0.003,57.1429,-0.0104,-0.016,0.0056,0.2219,96120360.0,0.8716
2024-05-22,1.307,1.308,1.312,1.306,72836100.0,-0.0076,0.0093,0.0211,51.2821,-0.01,-0.0148,0.0048,0.2033,98143160.0,0.7421
2024-05-23,1.314,1.322,1.324,1.311,85064900.0,0.0107,-0.0075,0.0264,55.0296,-0.0085,-0.0136,0.0051,0.2056,86236840.0,0.9864
2024-05-24,1.305,1.299,1.308,1.298,65358700.0,-0.0174,-0.0122,0.007,42.1053,-0.009,-0.0127,0.0036,0.2161,79099420.0,0.8263
2024-05-27,1.302,1.311,1.312,1.3,51090500.0,0.0092,-0.0128,-0.0083,45.9016,-0.0084,-0.0118,0.0034,0.1993,71625600.0,0.7133
2024-05-28,1.307,1.308,1.309,1.305,41818400.0,-0.0023,-0.0076,0.0147,50.9091,-0.0081,-0.0111,0.003,0.1771,63233720.0,0.6613
2024-05-29,1.307,1.295,1.307,1.293,68068700.0,-0.0099,-0.0099,-0.0008,51.2195,-0.0087,-0.0106,0.0019,0.1802,62280240.0,1.0929
2024-05-30,1.265,1.278,1.28,1.264,89346900.0,-0.0131,-0.0333,-0.0199,44.8864,-0.0105,-0.0106,0.0001,0.1844,63136640.0,1.4151
2024-05-31,1.283,1.292,1.295,1.28,76273600.0,0.011,-0.0054,-0.01,49.7326,-0.0107,-0.0106,-0.0001,0.1891,65319620.0,1.1677
2024-06-03,1.304,1.304,1.306,1.3,64657100.0,0.0093,-0.0053,-0.0166,53.0303,-0.0097,-0.0104,0.0007,0.1827,68032940.0,0.9504
2024-06-04,1.301,1.307,1.311,1.298,57095900.0,0.0023,-0.0008,-0.0143,52.7919,-0.0086,-0.0101,0.0014,0.183,71088440.0,0.8032
2024-06-05,1.3,1.301,1.307,1.298,34529600.0,-0.0046,0.0046,-0.0031,40.7186,-0.0081,-0.0097,0.0015,0.1748,64380620.0,0.5363
2024-06-06,1.315,1.309,1.318,1.308,54441600.0,0.0061,0.0243,0.0139,48.1013,-0.007,-0.0091,0.0021,0.1714,57399560.0,0.9485
2024-06-07,1.31,1.31,1.311,1.304,62919000.0,0.0008,0.0139,0.0108,43.8356,-0.006,-0.0085,0.0025,0.171,54728640.0,1.1497
2024-06-11,1.316,1.314,1.316,1.311,37777600.0,0.0031,0.0077,0.0162,48.5714,-0.0048,-0.0078,0.003,0.1709,49352740.0,0.7655
2024-06-12,1.303,1.306,1.307,1.302,35659400.0,-0.0061,-0.0008,0.0108,49.2754,-0.0045,-0.0071,0.0027,0.1726,45065440.0,0.7913
2024-06-13,1.307,1.301,1.308,1.298,44543900.0,-0.0038,0.0,0.0039,41.8605,-0.0045,-0.0066,0.0021,0.173,47068300.0,0.9464
2024-06-14,1.295,1.295,1.304,1.294,83140100.0,-0.0046,-0.0107,-0.0278,48.2143,-0.005,-0.0063,0.0013,0.1396,52808000.0,1.5744
2024-06-17,1.273,1.277,1.278,1.27,66242100.0,-0.0139,-0.0252,-0.0289,35.5932,-0.0068,-0.0064,-0.0004,0.1409,53472620.0,1.2388
2024-06-18,1.286,1.284,1.288,1.282,59937800.0,0.0055,-0.0228,-0.0331,40.1639,-0.0075,-0.0066,-0.0009,0.137,57904660.0,1.0351
2024-06-19,1.29,1.289,1.294,1.284,41830100.0,0.0039,-0.013,-0.022,47.3684,-0.0076,-0.0068,-0.0008,0.1365,59138800.0,0.7073
2024-06-20,1.28,1.29,1.292,1.278,45558400.0,0.0008,-0.0085,-0.0138,56.1224,-0.0075,-0.007,-0.0006,0.1344,59341700.0,0.7677
2024-06-21,1.287,1.283,1.289,1.281,33543600.0,-0.0054,-0.0093,-0.0295,45.0549,-0.0079,-0.0071,-0.0008,0.1284,49422400.0,0.6787
2024-06-24,1.276,1.281,1.287,1.275,51451100.0,-0.0016,0.0031,-0.0139,35.8025,-0.0083,-0.0074,-0.0009,0.1138,46464200.0,1.1073
2024-06-25,1.284,1.302,1.303,1.283,83530500.0,0.0164,0.014,-0.0069,47.4747,-0.0068,-0.0073,0.0004,0.1244,51182740.0,1.632
2024-06-26,1.313,1.314,1.321,1.31,253423400.0,0.0092,0.0194,0.0046,56.1905,-0.0047,-0.0067,0.0021,0.1286,93501400.0,2.7104
2024-06-27,1.294,1.301,1.302,1.293,104768100.0,-0.0099,0.0085,0.0046,46.3636,-0.0039,-0.0062,0.0023,0.1286,105343340.0,0.9945
2024-06-28,1.31,1.305,1.313,1.301,90653800.0,0.0031,0.0171,0.0211,47.7876,-0.003,-0.0055,0.0026,0.1187,116765380.0,0.7764
2024-07-01,1.308,1.306,1.31,1.301,84296500.0,0.0008,0.0195,0.0108,46.3636,-0.0021,-0.0049,0.0027,0.1128,123334460.0,0.6835
2024-07-02,1.307,1.317,1.319,1.302,144589900.0,0.0084,0.0115,0.01,54.8673,-0.0006,-0.004,0.0034,0.112,135546340.0,1.0667
2024-07-03,1.326,1.336,1.341,1.325,151159400.0,0.0144,0.0167,0.0222,63.7795,0.0022,-0.0028,0.0049,0.1223,115093540.0,1.3134
2024-07-04,1.343,1.356,1.358,1.339,218425000.0,0.015,0.0423,0.0423,71.6312,0.0059,-0.001,0.0069,0.1297,137824920.0,1.5848
2024-07-05,1.358,1.363,1.373,1.356,233938000.0,0.0052,0.0444,0.0413,83.0769,0.0093,0.001,0.0083,0.1293,166481760.0,1.4052
2024-07-08,1.364,1.365,1.375,1.359,150375600.0,0.0015,0.0452,0.042,82.4,0.012,0.0032,0.0088,0.1292,179697580.0,0.8368
2024-07-09,1.385,1.407,1.408,1.38,310076700.0,0.0308,0.0683,0.0708,86.4198,0.0174,0.0061,0.0113,0.1646,212794940.0,1.4572
2024-07-10,1.406,1.401,1.414,1.384,307674000.0,-0.0043,0.0487,0.0727,83.2335,0.0209,0.009,0.0119,0.1633,244097860.0,1.2605
2024-07-11,1.409,1.406,1.415,1.401,196911700.0,0.0036,0.0369,0.0807,87.2727,0.0238,0.012,0.0118,0.161,239795200.0,0.8212
2024-07-12,1.38,1.373,1.388,1.367,226733500.0,-0.0235,0.0073,0.0602,73.4694,0.0232,0.0142,0.009,0.1862,238354300.0,0.9512
2024-07-15,1.378,1.393,1.394,1.378,82073600.0,0.0146,0.0205,0.0908,73.3333,0.024,0.0162,0.0078,0.1792,224693900.0,0.3653
2024-07-16,1.393,1.391,1.401,1.387,167622100.0,-0.0014,-0.0114,0.0833,70.8108,0.0243,0.0178,0.0065,0.1804,196202980.0,0.8543
2024-07-17,1.397,1.38,1.397,1.377,153071900.0,-0.0079,-0.015,0.0706,71.5847,0.0233,0.0189,0.0044,0.1853,165282560.0,0.9261
2024-07-18,1.366,1.369,1.374,1.363,124481600.0,-0.008,-0.0263,0.0612,66.8421,0.0214,0.0194,0.002,0.1896,150796540.0,0.8255
2024-07-19,1.364,1.346,1.364,1.345,83126700.0,-0.0168,-0.0197,0.0491,59.434,0.0178,0.0191,-0.0013,0.2003,122075180.0,0.6809
2024-07-22,1.336,1.335,1.34,1.329,121036600.0,-0.0082,-0.0416,0.0422,54.2453,0.0139,0.018,-0.0041,0.2034,129867780.0,0.932
2024-07-23,1.343,1.337,1.348,1.336,72077000.0,0.0015,-0.0388,0.0269,50.2564,0.0109,0.0166,-0.0057,0.1963,110758760.0,0.6508
2024-07-24,1.342,1.336,1.348,1.335,91735400.0,-0.0007,-0.0319,0.0167,44.3182,0.0083,0.0149,-0.0066,0.1942,98491460.0,0.9314
2024-07-25,1.31,1.303,1.318,1.299,163545800.0,-0.0247,-0.0482,0.0015,35.1485,0.0035,0.0127,-0.0091,0.2115,106304300.0,1.5385
2024-07-26,1.298,1.301,1.308,1.296,129635300.0,-0.0015,-0.0334,-0.0031,34.1584,-0.0004,0.0101,-0.0104,0.2113,115606020.0,1.1214
2024-07-29,1.33,1.329,1.334,1.322,91106900.0,0.0215,-0.0045,0.0176,29.2553,-0.0012,0.0078,-0.009,0.2248,109620080.0,0.8311
2024-07-30,1.32,1.317,1.322,1.307,108647700.0,-0.009,-0.015,0.0,28.3505,-0.0028,0.0057,-0.0085,0.2256,116934220.0,0.9291
2024-07-31,1.319,1.354,1.356,1.316,158945900.0,0.0281,0.0135,0.0135,38.4956,-0.0011,0.0043,-0.0054,0.2418,130376320.0,1.2191
2024-08-01,1.336,1.337,1.346,1.331,189852500.0,-0.0126,0.0261,-0.014,41.4286,-0.0011,0.0033,-0.0043,0.2401,135637660.0,1.3997
2024-08-02,1.283,1.267,1.297,1.265,222361400.0,-0.0524,-0.0261,-0.0704,25.7692,-0.0066,0.0013,-0.0079,0.3009,154182880.0,1.4422
2024-08-05,1.212,1.14,1.228,1.14,560122497.0,-0.1002,-0.1422,-0.1648,17.4026,-0.021,-0.0032,-0.0179,0.4556,247985999.4,2.2587
2024-08-06,1.229,1.205,1.238,1.193,788593700.0,0.057,-0.085,-0.1436,30.0683,-0.0269,-0.0079,-0.019,0.4936,383975199.4,2.0538
2024-08-07,1.229,1.227,1.263,1.224,626483400.0,0.0183,-0.0938,-0.1242,34.2222,-0.0294,-0.0122,-0.0172,0.5018,477482699.4,1.3121
2024-08-08,1.219,1.227,1.239,1.216,274474400.0,0.0,-0.0823,-0.1273,36.0656,-0.0311,-0.016,-0.0151,0.501,494407079.4,0.5552
2024-08-09,1.237,1.229,1.245,1.2,352857000.0,0.0016,-0.03,-0.1049,37.3206,-0.0319,-0.0192,-0.0127,0.4975,520506199.4,0.6779
2024-08-12,1.238,1.241,1.244,1.236,74887997.0,0.0098,0.0886,-0.1091,38.785,-0.0312,-0.0216,-0.0096,0.4953,423459299.4,0.1768
2024-08-13,1.256,1.263,1.265,1.252,225958397.0,0.0177,0.0481,-0.092,41.8708,-0.0285,-0.023,-0.0055,0.5019,310932238.8,0.7267
2024-08-14,1.272,1.27,1.283,1.263,259521100.0,0.0055,0.035,-0.0797,46.0993,-0.0255,-0.0235,-0.0021,0.5029,237539778.8,1.0925
2024-08-15,1.276,1.28,1.282,1.274,110988300.0,0.0079,0.0432,-0.065,47.5638,-0.0221,-0.0232,0.0011,0.5042,204842558.8,0.5418
2024-08-16,1.31,1.317,1.318,1.305,152910300.0,0.0289,0.0716,-0.0215,48.6364,-0.0162,-0.0218,0.0056,0.5135,164853218.8,0.9276
2024-08-19,1.315,1.302,1.322,1.299,151370800.0,-0.0114,0.0492,-0.0247,48.307,-0.0126,-0.02,0.0073,0.5143,180149779.4,0.8402
2024-08-20,1.322,1.323,1.331,1.32,172330000.0,0.0161,0.0475,-0.0105,46.37,-0.008,-0.0176,0.0096,0.5177,169424100.0,1.0172
2024-08-21,1.319,1.325,1.333,1.318,99806900.0,0.0015,0.0433,-0.0082,48.5437,-0.0041,-0.0149,0.0108,0.5177,137481260.0,0.726
2024-08-22,1.34,1.341,1.345,1.334,111389100.0,0.0121,0.0477,0.0292,60.3352,0.0003,-0.0119,0.0121,0.5108,137561420.0,0.8097
2024-08-23,1.333,1.342,1.344,1.333,94915100.0,0.0007,0.019,0.0315,93.5345,0.0038,-0.0087,0.0125,0.5106,125962380.0,0.7535
2024-08-26,1.342,1.343,1.346,1.339,81457200.0,0.0007,0.0315,0.0105,91.0714,0.0065,-0.0057,0.0122,0.5054,111979660.0,0.7274
2024-08-27,1.34,1.344,1.347,1.335,69638500.0,0.0007,0.0159,0.0205,89.7959,0.0087,-0.0028,0.0115,0.504,91441360.0,0.7616
2024-08-28,1.345,1.354,1.354,1.344,70416300.0,0.0074,0.0219,0.0,90.4459,0.0111,-0.0,0.0111,0.4948,85563240.0,0.823
2024-08-29,1.348,1.344,1.351,1.343,111003400.0,-0.0074,0.0022,0.0052,84.8485,0.0121,0.0024,0.0097,0.4934,85486100.0,1.2985
2024-08-30,1.349,1.352,1.352,1.343,95594400.0,0.006,0.0075,0.0671,84.472,0.0133,0.0046,0.0087,0.4518,85621960.0,1.1165
2024-09-02,1.351,1.342,1.351,1.34,102623100.0,-0.0074,-0.0007,0.1772,76.5101,0.0134,0.0063,0.007,0.2385,89855140.0,1.1421
2024-09-03,1.348,1.346,1.349,1.339,82954300.0,0.003,0.0015,0.117,76.0274,0.0136,0.0078,0.0058,0.1544,92518300.0,0.8966
2024-09-04,1.301,1.293,1.31,1.29,137478200.0,-0.0394,-0.0451,0.0538,53.4392,0.0093,0.0081,0.0012,0.2152,105930680.0,1.2978
2024-09-05,1.299,1.292,1.309,1.286,114997500.0,-0.0008,-0.0387,0.053,41.8301,0.0058,0.0076,-0.0018,0.2154,106729500.0,1.0775
2024-09-06,1.291,1.288,1.297,1.284,107225000.0,-0.0031,-0.0473,0.048,45.0704,0.0027,0.0067,-0.004,0.2163,109055620.0,0.9832
2024-09-09,1.26,1.287,1.288,1.259,145560900.0,-0.0008,-0.041,0.0371,35.2459,0.0001,0.0053,-0.0052,0.2148,117643180.0,1.2373
2024-09-10,1.295,1.282,1.297,1.28,102060600.0,-0.0039,-0.0475,0.015,32.8,-0.0023,0.0038,-0.0061,0.2073,121464440.0,0.8403
2024-09-11,1.284,1.287,1.299,1.269,116014300.0,0.0039,-0.0046,0.0134,26.3158,-0.0037,0.0023,-0.006,0.2069,117171660.0,0.9901
2024-09-12,1.308,1.312,1.313,1.303,113389400.0,0.0194,0.0155,0.025,39.1304,-0.0028,0.0013,-0.0041,0.216,116850040.0,0.9704
2024-09-13,1.316,1.312,1.319,1.311,74853700.0,0.0,0.0186,-0.0038,38.6861,-0.0021,0.0006,-0.0027,0.1898,110375780.0,0.6782
2024-09-18,1.31,1.301,1.31,1.296,57408200.0,-0.0084,0.0109,-0.0008,35.3741,-0.0024,0.0,-0.0024,0.1878,92745240.0,0.619
2024-09-19,1.316,1.317,1.321,1.312,139003500.0,0.0123,0.0273,-0.0045,37.9085,-0.0013,-0.0003,-0.001,0.1839,100133820.0,1.3882
2024-09-20,1.34,1.333,1.341,1.33,104083800.0,0.0121,0.0357,0.006,46.5409,0.0008,-0.0,0.0009,0.1889,97747720.0,1.0648
2024-09-23,1.342,1.342,1.345,1.338,53199500.0,0.0068,0.0229,0.0007,46.875,0.0032,0.0006,0.0026,0.1855,85709740.0,0.6207
2024-09-24,1.345,1.327,1.345,1.324,124870800.0,-0.0112,0.0114,-0.0112,45.4545,0.0039,0.0013,0.0026,0.1897,95713160.0,1.3046
2024-09-25,1.321,1.32,1.329,1.32,119481500.0,-0.0053,0.0146,-0.0171,42.2619,0.0037,0.0018,0.002,0.1904,108127820.0,1.105
2024-09-26,1.336,1.344,1.345,1.336,153490400.0,0.0182,0.0205,0.0,68.3453,0.0055,0.0025,0.003,0.202,111025200.0,1.3825
2024-09-27,1.35,1.342,1.36,1.329,86940300.0,-0.0015,0.0068,-0.0089,67.8571,0.0067,0.0034,0.0034,0.2001,107596500.0,0.808
2024-09-30,1.31,1.335,1.34,1.31,207700300.0,-0.0052,-0.0052,-0.0067,66.4336,0.007,0.0041,0.0029,0.1993,138496660.0,1.4997
2024-10-08,1.325,1.325,1.331,1.322,89554100.0,-0.0075,-0.0015,-0.02,62.5,0.0064,0.0045,0.0018,0.1994,131433320.0,0.6814
2024-10-09,1.332,1.334,1.34,1.33,71037500.0,0.0068,0.0106,-0.006,66.6667,0.0065,0.0049,0.0016,0.1997,121744520.0,0.5835
2024-10-10,1.338,1.331,1.338,1.328,42202500.0,-0.0022,-0.0097,-0.0111,64.2857,0.0063,0.0052,0.0011,0.1994,99486940.0,0.4242
2024-10-11,1.345,1.346,1.349,1.341,61327280.0,0.0113,0.003,0.041,61.8056,0.0072,0.0056,0.0016,0.1409,94364336.0,0.6499
2024-10-14,1.345,1.349,1.35,1.338,27814900.0,0.0022,0.0105,0.0441,62.585,0.0082,0.0061,0.002,0.1405,58387256.0,0.4764
2024-10-15,1.361,1.36,1.369,1.357,71303060.0,0.0082,0.0264,0.0559,70.068,0.0097,0.0068,0.0028,0.1405,54737048.0,1.3026
2024-10-16,1.342,1.338,1.343,1.334,42892148.0,-0.0162,0.003,0.0396,56.8627,0.009,0.0073,0.0017,0.1555,49107977.6,0.8734
2024-10-17,1.331,1.335,1.336,1.327,42719500.0,-0.0022,0.003,0.0413,50.7143,0.0081,0.0074,0.0007,0.1548,49211377.6,0.8681
2024-10-18,1.332,1.328,1.332,1.325,45002900.0,-0.0052,-0.0134,0.0319,44.9275,0.0067,0.0073,-0.0005,0.1568,45946501.6,0.9795
2024-10-21,1.328,1.327,1.332,1.326,31611200.0,-0.0008,-0.0163,0.0114,50.0,0.0055,0.0069,-0.0014,0.142,46705761.6,0.6768
2024-10-22,1.307,1.303,1.307,1.3,81929400.0,-0.0181,-0.0419,-0.0069,43.9716,0.0026,0.0061,-0.0035,0.1568,48831029.6,1.6778
2024-10-23,1.3,1.284,1.301,1.282,102427800.0,-0.0146,-0.0404,-0.0131,27.9412,-0.0012,0.0046,-0.0058,0.1625,60738160.0,1.6864
2024-10-24,1.287,1.28,1.288,1.278,62346600.0,-0.0031,-0.0412,-0.0281,27.5362,-0.0045,0.0028,-0.0073,0.1553,64663580.0,0.9642
2024-10-25,1.275,1.28,1.28,1.271,70135300.0,0.0,-0.0361,-0.0398,29.0076,-0.0071,0.0008,-0.0079,0.147,69690060.0,1.0064
2024-10-28,1.288,1.291,1.292,1.282,97160311.0,0.0086,-0.0271,-0.038,37.1212,-0.0081,-0.001,-0.0071,0.1486,82799882.2,1.1734
2024-10-29,1.291,1.305,1.305,1.291,74171200.0,0.0108,0.0015,-0.0166,39.4161,-0.0077,-0.0023,-0.0054,0.1509,81248242.2,0.9129
2024-10-30,1.312,1.318,1.318,1.308,72483296.0,0.01,0.0265,-0.0015,45.5782,-0.0063,-0.0031,-0.0032,0.1545,75259341.4,0.9631
2024-10-31,1.305,1.3,1.307,1.297,71765100.0,-0.0137,0.0156,-0.0327,34.6667,-0.0065,-0.0038,-0.0027,0.1459,77143041.4,0.9303
2024-11-01,1.283,1.276,1.285,1.271,73508600.0,-0.0185,-0.0031,-0.0492,28.655,-0.0085,-0.0047,-0.0038,0.1576,77817701.4,0.9446
2024-11-04,1.28,1.288,1.291,1.28,49848800.0,0.0094,-0.0023,-0.0352,29.0698,-0.0091,-0.0056,-0.0035,0.1627,68355399.2,0.7293
2024-11-05,1.287,1.29,1.29,1.285,60273300.0,0.0016,-0.0115,-0.0264,34.2105,-0.0092,-0.0063,-0.0029,0.1616,65575819.2,0.9191
2024-11-06,1.302,1.322,1.324,1.3,113467000.0,0.0248,0.003,-0.009,46.4088,-0.0067,-0.0064,-0.0003,0.1846,73772560.0,1.5381
2024-11-07,1.306,1.31,1.314,1.303,62487700.0,-0.0091,0.0077,-0.0158,45.1613,-0.0056,-0.0062,0.0007,0.1871,71917080.0,0.8689
2024-11-08,1.316,1.323,1.328,1.313,104687500.0,0.0099,0.0368,-0.0171,48.9899,-0.0036,-0.0057,0.0021,0.186,78152860.0,1.3395
2024-11-11,1.325,1.325,1.325,1.318,61635700.0,0.0015,0.0287,-0.0178,56.25,-0.0019,-0.0049,0.0031,0.1859,80510240.0,0.7656
2024-11-12,1.33,1.324,1.337,1.319,70365900.0,-0.0008,0.0264,-0.0265,62.6582,-0.0006,-0.0041,0.0035,0.1828,82528760.0,0.8526
2024-11-13,1.31,1.291,1.31,1.289,100881200.0,-0.0249,-0.0234,-0.0351,52.9412,-0.0022,-0.0037,0.0015,0.1945,80011600.0,1.2608
2024-11-14,1.294,1.28,1.295,1.28,58714600.0,-0.0085,-0.0229,-0.0412,50.0,-0.0043,-0.0038,-0.0005,0.196,79256980.0,0.7408
2024-11-15,1.288,1.281,1.289,1.279,40985700.0,0.0008,-0.0317,-0.0354,47.3404,-0.0058,-0.0042,-0.0016,0.1959,66516620.0,0.6162
2024-11-18,1.282,1.284,1.285,1.28,35078400.0,0.0023,-0.0309,-0.0324,44.0678,-0.0067,-0.0047,-0.002,0.1964,61205160.0,0.5731
2024-11-19,1.286,1.288,1.293,1.282,44710000.0,0.0031,-0.0272,-0.0115,41.0714,-0.007,-0.0052,-0.0018,0.1869,56073980.0,0.7973
2024-11-20,1.283,1.283,1.284,1.28,51272800.0,-0.0039,-0.0062,-0.0008,44.5161,-0.0075,-0.0056,-0.0019,0.18,46152300.0,1.1109
2024-11-21,1.277,1.275,1.278,1.272,52196300.0,-0.0062,-0.0039,-0.0039,49.6403,-0.0085,-0.0062,-0.0023,0.181,44848640.0,1.1638
2024-11-22,1.287,1.287,1.293,1.285,140878600.0,0.0094,0.0047,0.0055,49.6403,-0.0083,-0.0066,-0.0016,0.1842,64827220.0,2.1731
2024-11-25,1.31,1.305,1.311,1.303,161599600.0,0.014,0.0164,0.0108,54.8387,-0.0065,-0.0066,0.0001,0.1883,90131460.0,1.7929
2024-11-26,1.285,1.3,1.301,1.285,87411800.0,-0.0038,0.0093,-0.0038,41.4062,-0.0055,-0.0064,0.0009,0.1849,98671820.0,0.8859
2024-11-27,1.297,1.301,1.301,1.295,106915500.0,0.0008,0.014,-0.0129,46.1538,-0.0045,-0.006,0.0015,0.1811,109800360.0,0.9737
2024-11-28,1.3,1.313,1.317,1.3,133421800.0,0.0092,0.0298,0.01,45.6897,-0.0027,-0.0053,0.0026,0.1774,126045460.0,1.0585
2024-11-29,1.311,1.313,1.315,1.31,92898000.0,0.0,0.0202,0.029,44.7368,-0.0013,-0.0045,0.0032,0.1626,116449340.0,0.7978
2024-12-02,1.311,1.328,1.329,1.311,89414800.0,0.0114,0.0176,0.0311,51.5625,0.001,-0.0034,0.0044,0.1641,102012380.0,0.8765
2024-12-03,1.353,1.361,1.368,1.353,113764300.0,0.0248,0.0469,0.055,77.3438,0.0054,-0.0017,0.0071,0.1837,107282880.0,1.0604
2024-12-04,1.36,1.359,1.362,1.353,66773034.0,-0.0015,0.0446,0.028,83.1933,0.0087,0.0004,0.0083,0.1645,99254386.8,0.6727
2024-12-05,1.362,1.364,1.367,1.36,54414500.0,0.0037,0.0388,0.0412,83.7398,0.0115,0.0026,0.0089,0.1599,83452926.8,0.652
2024-12-06,1.353,1.349,1.353,1.344,82025200.0,-0.011,0.0274,0.0197,74.0741,0.0124,0.0046,0.0078,0.1635,81278366.8,1.0092
2024-12-09,1.355,1.354,1.36,1.352,41602200.0,0.0037,0.0196,0.0219,74.2647,0.0134,0.0064,0.007,0.1637,71715846.8,0.5801
2024-12-10,1.345,1.347,1.348,1.341,47625500.0,-0.0052,-0.0103,0.0174,73.1884,0.0135,0.0078,0.0057,0.1652,58488086.8,0.8143
2024-12-11,1.342,1.341,1.342,1.333,46629310.0,-0.0045,-0.0132,0.0387,74.2647,0.0129,0.0088,0.0041,0.1361,54459342.0,0.8562
2024-12-12,1.36,1.351,1.361,1.349,95429900.0,0.0075,-0.0095,0.0555,73.8806,0.013,0.0096,0.0034,0.1316,62662422.0,1.5229
2024-12-13,1.34,1.342,1.342,1.334,57065100.0,-0.0067,-0.0052,0.0476,64.8,0.0123,0.0102,0.0021,0.1356,57670402.0,0.9895
2024-12-16,1.335,1.334,1.337,1.331,51237300.0,-0.006,-0.0148,0.0389,63.2812,0.011,0.0103,0.0006,0.1388,59597422.0,0.8597
2024-12-17,1.338,1.338,1.341,1.331,84175400.0,0.003,-0.0067,0.0388,64.1221,0.0101,0.0103,-0.0002,0.1388,66907402.0,1.2581
2024-12-18,1.327,1.336,1.339,1.327,41395500.0,-0.0015,-0.0037,0.0413,59.5041,0.0092,0.0101,-0.0009,0.1377,65860640.0,0.6285
2024-12-19,1.323,1.327,1.331,1.313,57800800.0,-0.0067,-0.0178,0.0408,55.3846,0.0076,0.0096,-0.002,0.1381,58334820.0,0.9908
2024-12-20,1.314,1.307,1.323,1.306,50928700.0,-0.0151,-0.0261,0.0155,42.2222,0.0047,0.0086,-0.0039,0.1478,57107540.0,0.8918
2024-12-23,1.317,1.336,1.337,1.316,53734900.0,0.0222,0.0015,0.0238,40.458,0.0047,0.0078,-0.0031,0.1599,57607060.0,0.9328
2024-12-24,1.329,1.328,1.332,1.326,30566600.0,-0.006,-0.0075,0.0215,38.6861,0.004,0.007,-0.0031,0.161,46885300.0,0.6519
2024-12-25,1.327,1.325,1.327,1.32,32141200.0,-0.0023,-0.0082,0.0184,35.5556,0.0031,0.0063,-0.0031,0.1614,45034440.0,0.7137
2024-12-26,1.331,1.331,1.334,1.327,46918000.0,0.0045,0.003,0.0137,42.8571,0.0029,0.0056,-0.0027,0.1591,42857880.0,1.0947
2024-12-27,1.339,1.356,1.358,1.338,117775700.0,0.0188,0.0375,0.0327,50.6849,0.0047,0.0054,-0.0007,0.1714,56227280.0,2.0946
2024-12-30,1.347,1.341,1.353,1.34,55460900.0,-0.0111,0.0037,0.0098,48.0519,0.0049,0.0053,-0.0004,0.173,56572480.0,0.9804
2024-12-31,1.333,1.335,1.337,1.328,27795900.0,-0.0045,0.0053,-0.0191,48.0519,0.0045,0.0051,-0.0007,0.1479,56018340.0,0.4962
2025-01-02,1.334,1.342,1.345,1.33,39537300.0,0.0052,0.0128,-0.0125,47.0199,0.0046,0.005,-0.0004,0.1494,57497560.0,0.6876
2025-01-03,1.34,1.345,1.355,1.339,61362100.0,0.0022,0.0105,-0.0139,51.0345,0.005,0.005,-0.0001,0.149,60386380.0,1.0162
2025-01-06,1.34,1.337,1.344,1.333,48445800.0,-0.0059,-0.014,-0.0089,51.0345,0.0045,0.0049,-0.0004,0.1454,46520400.0,1.0414
2025-01-07,1.358,1.357,1.365,1.349,83957500.0,0.015,0.0119,0.0022,55.9006,0.0057,0.0051,0.0006,0.1548,52219720.0,1.6078
2025-01-08,1.347,1.355,1.372,1.346,79028300.0,-0.0015,0.015,0.0059,55.9006,0.0065,0.0054,0.0011,0.1536,62466200.0,1.2651
2025-01-09,1.348,1.348,1.354,1.34,38260200.0,-0.0052,0.0045,0.0052,56.6038,0.0064,0.0056,0.0008,0.1539,62210780.0,0.615
2025-01-10,1.342,1.327,1.385,1.324,343033100.0,-0.0156,-0.0134,-0.0178,56.25,0.0046,0.0054,-0.0008,0.1613,118544980.0,2.8937
2025-01-13,1.324,1.307,1.33,1.302,87242600.0,-0.0151,-0.0224,-0.0261,40.3974,0.0015,0.0046,-0.0031,0.1679,126304340.0,0.6907
2025-01-14,1.31,1.315,1.315,1.302,56545100.0,0.0061,-0.031,-0.0142,45.6954,-0.0003,0.0036,-0.0039,0.1689,120821860.0,0.468
2025-01-15,1.314,1.317,1.325,1.31,57739000.0,0.0015,-0.028,-0.0157,47.3333,-0.0015,0.0026,-0.0041,0.1686,116564000.0,0.4953
2025-01-16,1.329,1.329,1.331,1.32,68124800.0,0.0091,-0.0141,-0.0052,49.359,-0.0015,0.0018,-0.0033,0.1721,122536920.0,0.556
2025-01-17,1.322,1.334,1.339,1.32,264601600.0,0.0038,0.0053,0.0053,41.9118,-0.001,0.0012,-0.0023,0.1709,106850620.0,2.4764
2025-01-20,1.347,1.346,1.367,1.34,494814280.0,0.009,0.0298,0.0298,51.8797,0.0003,0.001,-0.0008,0.1633,188364956.0,2.6269
2025-01-21,1.348,1.348,1.361,1.343,183767000.0,0.0015,0.0251,0.009,55.0388,0.0014,0.0011,0.0003,0.144,213809336.0,0.8595
2025-01-22,1.365,1.382,1.384,1.363,336095000.0,0.0252,0.0494,0.0407,62.8205,0.005,0.0019,0.0032,0.1662,269480536.0,1.2472
2025-01-23,1.383,1.373,1.427,1.368,1256786300.0,-0.0065,0.0331,0.0362,58.642,0.0071,0.0029,0.0042,0.1684,507212836.0,2.4778
2025-01-24,1.388,1.36,1.401,1.356,719252200.0,-0.0095,0.0195,0.0218,56.8862,0.0076,0.0039,0.0037,0.1727,598142956.0,1.2025
2025-01-27,1.366,1.335,1.367,1.333,143064200.0,-0.0184,-0.0082,-0.0155,43.6047,0.0059,0.0043,0.0016,0.1727,527792940.0,0.2711
2025-02-05,1.334,1.338,1.339,1.33,71758000.0,0.0022,-0.0074,-0.0022,45.0867,0.0048,0.0044,0.0004,0.1685,505391140.0,0.142
2025-02-06,1.345,1.353,1.358,1.344,87367000.0,0.0112,-0.021,0.0135,51.3812,0.005,0.0045,0.0005,0.1722,455645540.0,0.1917
2025-02-07,1.352,1.351,1.358,1.349,67569700.0,-0.0015,-0.016,0.0067,57.4074,0.005,0.0046,0.0004,0.1716,217802220.0,0.3102
2025-02-10,1.35,1.352,1.357,1.349,57320100.0,0.0007,-0.0059,0.0052,65.7343,0.005,0.0047,0.0003,0.1714,85415800.0,0.6711
2025-02-11,1.353,1.355,1.356,1.352,44398700.0,0.0022,0.015,0.0135,64.4928,0.0051,0.0048,0.0004,0.1699,65682700.0,0.676
2025-02-12,1.352,1.348,1.354,1.345,50144200.0,-0.0052,0.0075,-0.0066,60.8392,0.0047,0.0047,-0.0001,0.1624,61359940.0,0.8172
2025-02-13,1.355,1.353,1.357,1.352,93914200.0,0.0037,0.0,-0.0015,58.8235,0.0046,0.0047,-0.0001,0.1629,62669380.0,1.4986
2025-02-14,1.35,1.347,1.351,1.345,50158000.0,-0.0044,-0.003,-0.0007,54.7445,0.0041,0.0046,-0.0005,0.1626,59187040.0,0.8474
2025-02-17,1.345,1.345,1.346,1.34,44845800.0,-0.0015,-0.0052,0.0136,49.6063,0.0035,0.0044,-0.0009,0.1521,56692180.0,0.791
2025-02-18,1.35,1.355,1.356,1.348,124116200.0,0.0074,0.0,0.0367,52.5926,0.0037,0.0042,-0.0005,0.1417,72635680.0,1.7087
2025-02-19,1.355,1.349,1.355,1.342,100774600.0,-0.0044,0.0007,0.0259,34.5794,0.0034,0.0041,-0.0007,0.1424,82761760.0,1.2176
2025-02-20,1.338,1.343,1.343,1.337,50650600.0,-0.0044,-0.0074,0.0197,35.5769,0.0026,0.0038,-0.0012,0.1439,74109040.0,0.6835
2025-02-21,1.338,1.341,1.345,1.337,58199500.0,-0.0015,-0.0045,0.009,39.7849,0.0018,0.0034,-0.0016,0.1409,75717340.0,0.7686
2025-02-24,1.334,1.337,1.337,1.33,64547700.0,-0.003,-0.0059,0.0022,51.3889,0.0009,0.0029,-0.002,0.1408,79657720.0,0.8103
2025-02-25,1.334,1.336,1.337,1.332,32451600.0,-0.0007,-0.014,-0.0074,48.5714,0.0,0.0023,-0.0023,0.1369,61324800.0,0.5292
2025-02-26,1.328,1.331,1.332,1.322,45585749.0,-0.0037,-0.0133,-0.0126,31.6667,-0.001,0.0016,-0.0027,0.1372,50287029.8,0.9065
2025-02-27,1.333,1.341,1.343,1.332,47634983.0,0.0075,-0.0015,-0.0297,42.6471,-0.001,0.0011,-0.0022,0.1032,49683906.4,0.9588
2025-02-28,1.312,1.301,1.317,1.3,64536800.0,-0.0298,-0.0298,-0.0524,26.1682,-0.0042,0.0,-0.0043,0.1436,50951366.4,1.2666
2025-03-03,1.308,1.32,1.321,1.307,39512700.0,0.0146,-0.0127,-0.0294,35.7724,-0.0052,-0.001,-0.0042,0.1535,45944366.4,0.86
2025-03-04,1.303,1.309,1.31,1.29,60691600.0,-0.0083,-0.0202,-0.0195,34.6457,-0.0067,-0.0021,-0.0046,0.1426,51592366.4,1.1764
2025-03-05,1.307,1.306,1.308,1.293,36899110.0,-0.0023,-0.0188,-0.0239,31.2,-0.0081,-0.0033,-0.0048,0.1421,49855038.6,0.7401
2025-03-06,1.312,1.316,1.318,1.312,35247017.0,0.0077,-0.0186,-0.0273,37.9845,-0.0083,-0.0043,-0.004,0.1385,47377445.4,0.744
2025-03-07,1.301,1.3,1.307,1.299,49027400.0,-0.0122,-0.0008,-0.0377,34.2657,-0.0096,-0.0054,-0.0042,0.1437,44275565.4,1.1073
2025-03-10,1.303,1.302,1.312,1.3,54705603.0,0.0015,-0.0136,-0.037,30.3704,-0.0104,-0.0064,-0.004,0.144,47314146.0,1.1562
2025-03-11,1.28,1.293,1.295,1.275,52891300.0,-0.0069,-0.0122,-0.0458,29.7101,-0.0116,-0.0074,-0.0042,0.1442,45754086.0,1.156
2025-03-12,1.29,1.287,1.292,1.287,33820400.0,-0.0046,-0.0145,-0.0453,29.7101,-0.0129,-0.0085,-0.0044,0.1441,45138344.0,0.7493
2025-03-13,1.298,1.286,1.3,1.285,61447400.0,-0.0008,-0.0228,-0.0495,29.927,-0.0138,-0.0096,-0.0043,0.1425,50378420.6,1.2197
2025-03-14,1.287,1.291,1.294,1.287,40903000.0,0.0039,-0.0069,-0.0416,33.3333,-0.014,-0.0105,-0.0035,0.144,48753540.6,0.839
2025-03-17,1.301,1.3,1.304,1.298,33819800.0,0.007,-0.0015,-0.0335,37.6712,-0.0133,-0.011,-0.0023,0.1476,44576380.0,0.7587
2025-03-18,1.311,1.311,1.314,1.309,53417400.0,0.0085,0.0139,-0.0325,43.4211,-0.0117,-0.0112,-0.0005,0.1485,44681600.0,1.1955
2025-03-19,1.315,1.308,1.325,1.307,100101700.0,-0.0023,0.0163,-0.0304,38.6207,-0.0105,-0.011,0.0005,0.1481,57937860.0,1.7277
2025-03-20,1.315,1.32,1.321,1.314,42606500.0,0.0092,0.0264,-0.0171,58.1197,-0.0086,-0.0106,0.002,0.1523,54169680.0,0.7865
2025-03-21,1.321,1.315,1.324,1.313,42683400.0,-0.0038,0.0186,-0.0194,47.5728,-0.0073,-0.0099,0.0026,0.1527,54525760.0,0.7828
2025-03-24,1.314,1.316,1.32,1.314,27344300.0,0.0008,0.0123,-0.0157,53.7634,-0.0062,-0.0092,0.003,0.1526,53230660.0,0.5137
2025-03-25,1.323,1.315,1.324,1.314,22729200.0,-0.0008,0.0031,-0.0157,54.9451,-0.0053,-0.0084,0.0031,0.1526,47093020.0,0.4826
2025-03-26,1.32,1.318,1.323,1.312,52322400.0,0.0023,0.0076,-0.0098,51.1905,-0.0043,-0.0076,0.0033,0.1525,37537160.0,1.3939
2025-03-27,1.308,1.306,1.309,1.302,30208700.0,-0.0091,-0.0106,-0.0261,53.75,-0.0044,-0.0069,0.0025,0.1524,35057600.0,0.8617
2025-03-28,1.29,1.293,1.294,1.287,46760800.0,-0.01,-0.0167,-0.0061,45.0549,-0.0055,-0.0067,0.0011,0.1147,35873080.0,1.3035
2025-03-31,1.269,1.269,1.273,1.265,71590000.0,-0.0186,-0.0357,-0.0386,38.6792,-0.0082,-0.007,-0.0013,0.118,44722220.0,1.6008
2025-04-01,1.275,1.27,1.275,1.267,35956000.0,0.0008,-0.0342,-0.0298,41.5842,-0.0102,-0.0076,-0.0026,0.1159,47367580.0,0.7591
2025-04-02,1.27,1.275,1.28,1.268,71862300.0,0.0039,-0.0326,-0.0237,44.7619,-0.0112,-0.0083,-0.0029,0.1174,51275560.0,1.4015
2025-04-03,1.25,1.252,1.256,1.243,57163800.0,-0.018,-0.0413,-0.0486,34.1463,-0.0137,-0.0094,-0.0043,0.1268,56666580.0,1.0088
2025-04-07,1.141,1.132,1.176,1.13,126168400.0,-0.0958,-0.1245,-0.1292,14.1026,-0.025,-0.0125,-0.0125,0.3548,72548100.0,1.7391
2025-04-08,1.203,1.202,1.207,1.18,138823600.0,0.0618,-0.0528,-0.0768,31.3993,-0.0281,-0.0156,-0.0125,0.4298,85994820.0,1.6143
2025-04-09,1.174,1.191,1.193,1.157,92700700.0,-0.0092,-0.0622,-0.0789,30.5648,-0.031,-0.0187,-0.0123,0.4301,97343760.0,0.9523
2025-04-10,1.27,1.253,1.278,1.245,148967300.0,0.0521,-0.0173,-0.0264,40.4558,-0.028,-0.0206,-0.0075,0.4735,112764760.0,1.321
2025-04-11,1.215,1.242,1.245,1.212,83604300.0,-0.0088,-0.008,-0.0342,39.7759,-0.0262,-0.0217,-0.0045,0.4743,118052860.0,0.7082
2025-04-14,1.256,1.263,1.265,1.255,69900900.0,0.0169,0.1157,-0.0217,42.9708,-0.0229,-0.0219,-0.0009,0.4784,106799360.0,0.6545
2025-04-15,1.27,1.262,1.272,1.261,30482100.0,-0.0008,0.0499,-0.0292,42.9708,-0.02,-0.0216,0.0015,0.4776,85131060.0,0.3581
2025-04-16,1.259,1.256,1.265,1.249,39085000.0,-0.0048,0.0546,-0.042,41.8421,-0.0181,-0.0209,0.0028,0.4764,74407920.0,0.5253
2025-04-17,1.259,1.271,1.274,1.259,46424200.0,0.0119,0.0144,-0.0283,45.4308,-0.0151,-0.0197,0.0046,0.4788,53899300.0,0.8613
2025-04-18,1.278,1.284,1.284,1.276,38225500.0,0.0102,0.0338,-0.0273,48.8251,-0.0116,-0.0181,0.0065,0.4791,44823540.0,0.8528
2025-04-21,1.274,1.275,1.281,1.274,36921000.0,-0.007,0.0095,-0.0304,50.8152,-0.0095,-0.0164,0.0069,0.4795,38227560.0,0.9658
2025-04-22,1.274,1.286,1.287,1.274,31434500.0,0.0086,0.019,-0.0228,52.1164,-0.0068,-0.0145,0.0077,0.4807,38418040.0,0.8182
2025-04-23,1.297,1.292,1.298,1.286,52732100.0,0.0047,0.0287,-0.0175,52.2427,-0.0041,-0.0124,0.0083,0.4811,41147460.0,1.2815
2025-04-24,1.292,1.285,1.298,1.285,36513030.0,-0.0054,0.011,-0.025,54.5455,-0.0025,-0.0104,0.0079,0.4813,39165226.0,0.9323
2025-04-25,1.3,1.305,1.306,1.297,47350300.0,0.0156,0.0164,-0.0008,82.8897,0.0003,-0.0083,0.0086,0.4836,40990186.0,1.1552
2025-04-28,1.308,1.309,1.315,1.308,29018300.0,0.0031,0.0267,0.0124,77.1574,0.0029,-0.006,0.0089,0.4821,39409646.0,0.7363
2025-04-29,1.322,1.325,1.327,1.319,44633700.0,0.0122,0.0303,0.0441,83.1683,0.0061,-0.0036,0.0097,0.4779,42049486.0,1.0615
2025-04-30,1.322,1.325,1.325,1.315,37955200.0,0.0,0.0255,0.0433,75.7143,0.0086,-0.0012,0.0098,0.4779,39094106.0,0.9709
2025-05-06,1.344,1.34,1.345,1.337,41881000.0,0.0113,0.0428,0.051,84.0278,0.0116,0.0014,0.0102,0.4789,40167700.0,1.0427
2025-05-07,1.335,1.336,1.339,1.33,41152000.0,-0.003,0.0238,0.0671,78.7402,0.0135,0.0038,0.0097,0.4731,38928040.0,1.0571
2025-05-08,1.335,1.342,1.343,1.334,57603200.0,0.0045,0.0252,0.1855,80.303,0.0154,0.0061,0.0092,0.2929,44645020.0,1.2902
2025-05-09,1.346,1.346,1.348,1.337,35901400.0,0.003,0.0158,0.1198,84.6154,0.017,0.0083,0.0087,0.2156,42898560.0,0.8369
2025-05-12,1.345,1.343,1.346,1.338,39502200.0,-0.0022,0.0136,0.1276,80.5085,0.0178,0.0102,0.0076,0.2106,43207960.0,0.9142
2025-05-13,1.346,1.335,1.348,1.335,36132400.0,-0.006,-0.0037,0.0654,72.5664,0.0176,0.0117,0.0059,0.1267,42058240.0,0.8591
2025-05-14,1.334,1.344,1.345,1.332,50976400.0,0.0067,0.006,0.0821,80.531,0.0179,0.0129,0.005,0.119,44023120.0,1.1579
2025-05-15,1.339,1.339,1.343,1.335,34499600.0,-0.0037,-0.0022,0.0602,74.7664,0.0176,0.0138,0.0037,0.1115,39402400.0,0.8756
2025-05-16,1.339,1.345,1.346,1.337,28431500.0,0.0045,-0.0007,0.0658,74.7664,0.0176,0.0146,0.003,0.1108,37908420.0,0.75
2025-05-19,1.344,1.335,1.344,1.334,22845400.0,-0.0074,-0.006,0.0629,72.7273,0.0166,0.015,0.0016,0.1137,34577060.0,0.6607
2025-05-20,1.345,1.345,1.35,1.344,38421800.0,0.0075,0.0075,0.0582,70.0,0.0165,0.0153,0.0012,0.1101,35034940.0,1.0967
2025-05-21,1.345,1.341,1.347,1.34,20230000.0,-0.003,-0.0022,0.0444,66.0,0.0158,0.0154,0.0004,0.1084,28885660.0,0.7003
2025-05-22,1.336,1.334,1.337,1.331,20479400.0,-0.0052,-0.0037,0.0463,54.9451,0.0146,0.0152,-0.0006,0.1065,26081620.0,0.7852
2025-05-23,1.339,1.338,1.345,1.336,22120700.0,0.003,-0.0052,0.0404,56.8421,0.0138,0.0149,-0.0012,0.1039,24819460.0,0.8913
2025-05-26,1.348,1.358,1.359,1.346,124603800.0,0.0149,0.0172,0.0511,59.0,0.0146,0.0149,-0.0003,0.1134,45171140.0,2.7585
2025-05-27,1.357,1.363,1.365,1.353,50065600.0,0.0037,0.0134,0.0607,63.3663,0.0154,0.015,0.0005,0.1095,47499900.0,1.054
2025-05-28,1.365,1.348,1.365,1.347,34128700.0,-0.011,0.0052,0.033,52.7273,0.0147,0.0149,-0.0002,0.1096,50279640.0,0.6788
2025-05-29,1.355,1.364,1.366,1.354,34014700.0,0.0119,0.0225,0.042,57.377,0.0153,0.015,0.0003,0.1154,52986700.0,0.6419
2025-05-30,1.356,1.362,1.368,1.355,36956700.0,-0.0015,0.0179,0.0279,57.8512,0.0154,0.0151,0.0003,0.1095,55953900.0,0.6605
2025-06-03,1.362,1.356,1.364,1.353,30897600.0,-0.0044,-0.0015,0.0234,58.8235,0.0148,0.015,-0.0002,0.1114,37212660.0,0.8303
2025-06-04,1.359,1.354,1.359,1.352,22851800.0,-0.0015,-0.0066,0.0104,54.4643,0.0141,0.0148,-0.0008,0.105,31769900.0,0.7193
2025-06-05,1.357,1.352,1.36,1.351,27476200.0,-0.0015,0.003,0.012,55.9633,0.0131,0.0145,-0.0014,0.1045,30439400.0,0.9027
2025-06-06,1.353,1.35,1.353,1.347,26998900.0,-0.0015,-0.0103,0.006,52.381,0.0121,0.014,-0.0019,0.1037,29036240.0,0.9298
2025-06-09,1.355,1.36,1.361,1.355,27352600.0,0.0074,-0.0015,0.0104,61.9048,0.0119,0.0136,-0.0017,0.1063,27115420.0,1.0087
2025-06-10,1.364,1.363,1.368,1.361,36140410.0,0.0022,0.0052,0.0149,59.1837,0.0119,0.0133,-0.0013,0.106,28163982.0,1.2832
2025-06-11,1.363,1.365,1.365,1.362,16658000.0,0.0015,0.0081,0.0225,62.5,0.0119,0.013,-0.0011,0.103,26925222.0,0.6187
2025-06-12,1.366,1.367,1.367,1.363,12650900.0,0.0015,0.0111,0.0171,68.1319,0.012,0.0128,-0.0008,0.1008,23960162.0,0.528
2025-06-13,1.355,1.358,1.358,1.35,18443700.0,-0.0066,0.0059,0.0142,60.4167,0.0111,0.0125,-0.0013,0.103,22249122.0,0.829
2025-06-16,1.36,1.372,1.372,1.359,20243000.0,0.0103,0.0088,0.0201,57.7778,0.0115,0.0123,-0.0008,0.1078,20827202.0,0.972
2025-06-17,1.371,1.37,1.373,1.367,28149800.0,-0.0015,0.0051,0.0262,54.023,0.0115,0.0121,-0.0006,0.1036,19229080.0,1.4639
2025-06-18,1.373,1.383,1.384,1.371,34379185.0,0.0095,0.0132,0.0283,70.5882,0.0123,0.0122,0.0002,0.1054,22773317.0,1.5096
2025-06-19,1.376,1.368,1.377,1.366,25991900.0,-0.0108,0.0007,0.0201,52.381,0.0117,0.0121,-0.0004,0.1132,25441517.0,1.0216
2025-06-20,1.367,1.36,1.368,1.36,21014000.0,-0.0058,0.0015,0.0195,48.8889,0.0104,0.0117,-0.0013,0.1137,25955577.0,0.8096
2025-06-23,1.346,1.349,1.351,1.343,69097800.0,-0.0081,-0.0168,0.0082,46.3158,0.0084,0.0111,-0.0026,0.1178,35726537.0,1.9341
2025-06-24,1.368,1.377,1.378,1.367,52772700.0,0.0208,0.0051,0.014,59.5041,0.009,0.0107,-0.0017,0.1286,40651117.0,1.2982
2025-06-25,1.379,1.379,1.383,1.376,17382100.0,0.0015,-0.0029,0.0117,61.157,0.0095,0.0104,-0.0009,0.1282,37251700.0,0.4666
2025-06-26,1.393,1.409,1.41,1.392,86604800.0,0.0218,0.03,0.0453,69.7987,0.0122,0.0108,0.0014,0.1409,49374280.0,1.754
2025-06-27,1.43,1.43,1.435,1.423,65941500.0,0.0149,0.0515,0.0484,71.875,0.0158,0.0118,0.004,0.144,58359780.0,1.1299
2025-06-30,1.453,1.447,1.461,1.44,85108000.0,0.0119,0.0726,0.0624,74.1379,0.0199,0.0134,0.0065,0.147,61561820.0,1.3825
2025-07-01,1.436,1.428,1.436,1.427,39047000.0,-0.0131,0.037,0.0531,66.4921,0.0213,0.015,0.0063,0.1559,58816680.0,0.6639
2025-07-02,1.423,1.424,1.433,1.417,67773100.0,-0.0028,0.0326,0.0517,64.7668,0.0218,0.0164,0.0055,0.1564,68894880.0,0.9837
2025-07-03,1.424,1.421,1.427,1.417,25713900.0,-0.0021,0.0085,0.051,66.8449,0.0218,0.0174,0.0043,0.1567,56716700.0,0.4534
2025-07-04,1.422,1.417,1.423,1.415,37240400.0,-0.0028,-0.0091,0.0496,62.7119,0.0211,0.0182,0.003,0.1572,50976480.0,0.7305
2025-07-07,1.414,1.405,1.414,1.401,47006100.0,-0.0085,-0.029,0.0331,59.3583,0.0195,0.0184,0.001,0.1607,43356100.0,1.0842
2025-07-08,1.401,1.403,1.404,1.396,52272500.0,-0.0014,-0.0175,0.0293,55.6818,0.0178,0.0183,-0.0005,0.161,46001200.0,1.1363
2025-07-09,1.395,1.401,1.401,1.392,45004900.0,-0.0014,-0.0162,0.0264,60.1227,0.0161,0.0179,-0.0018,0.1613,41447560.0,1.0858
2025-07-10,1.399,1.4,1.404,1.396,39235500.0,-0.0007,-0.0148,0.0241,62.8205,0.0145,0.0172,-0.0027,0.1615,44151880.0,0.8886
2025-07-11,1.4,1.393,1.402,1.392,54472000.0,-0.005,-0.0169,0.0258,64.4737,0.0125,0.0162,-0.0037,0.1606,47598200.0,1.1444
2025-07-14,1.39,1.385,1.391,1.383,43723600.0,-0.0057,-0.0142,0.0095,53.0303,0.0102,0.015,-0.0048,0.1588,46941700.0,0.9314
2025-07-15,1.384,1.397,1.398,1.381,45086300.0,0.0087,-0.0043,0.0197,56.338,0.0092,0.0139,-0.0047,0.1611,45504460.0,0.9908
2025-07-16,1.39,1.385,1.392,1.384,41512100.0,-0.0086,-0.0114,0.0014,40.3226,0.0074,0.0126,-0.0052,0.1613,44805900.0,0.9265
2025-07-17,1.384,1.394,1.395,1.384,32088700.0,0.0065,-0.0043,0.019,33.9286,0.0066,0.0114,-0.0048,0.1574,43376540.0,0.7398
2025-07-18,1.393,1.392,1.393,1.387,33975300.0,-0.0014,-0.0007,0.0235,21.6495,0.0057,0.0102,-0.0045,0.1556,39277200.0,0.865
2025-07-21,1.391,1.394,1.395,1.387,29007300.0,0.0014,0.0065,0.0334,28.75,0.0051,0.0092,-0.0041,0.1517,36333940.0,0.7984
2025-07-22,1.398,1.388,1.399,1.388,44471400.0,-0.0043,-0.0064,0.008,28.0488,0.0042,0.0082,-0.0041,0.1351,36210960.0,1.2281
2025-07-23,1.421,1.446,1.448,1.419,168158400.0,0.0418,0.044,0.0486,59.1241,0.008,0.0082,-0.0002,0.1996,61540220.0,2.7325
2025-07-24,1.471,1.467,1.478,1.466,130791900.0,0.0145,0.0524,0.0412,66.2338,0.0125,0.009,0.0035,0.1918,81280860.0,1.6091
2025-07-25,1.452,1.446,1.453,1.445,52781000.0,-0.0143,0.0388,0.0112,62.5767,0.0143,0.0101,0.0042,0.1939,85042000.0,0.6206
2025-07-28,1.437,1.424,1.437,1.421,54749500.0,-0.0152,0.0215,-0.0159,55.7377,0.0137,0.0108,0.0029,0.1969,90190440.0,0.607
2025-07-29,1.411,1.419,1.419,1.41,35825200.0,-0.0035,0.0223,-0.0063,54.8387,0.0128,0.0112,0.0016,0.1918,88461200.0,0.405
2025-07-30,1.417,1.417,1.421,1.414,48786100.0,-0.0014,-0.0201,-0.0049,54.5455,0.0117,0.0113,0.0004,0.1916,64586740.0,0.7554
2025-07-31,1.421,1.431,1.433,1.42,74378022.0,0.0099,-0.0245,0.007,59.7938,0.0118,0.0114,0.0004,0.1947,53303964.4,1.3954
2025-08-01,1.408,1.404,1.412,1.402,69268000.0,-0.0189,-0.029,-0.0092,54.4601,0.0097,0.0111,-0.0014,0.2062,56601364.4,1.2238
2025-08-04,1.393,1.409,1.409,1.393,47664100.0,0.0036,-0.0105,0.0028,52.9126,0.0082,0.0105,-0.0023,0.2044,55184284.4,0.8637
2025-08-05,1.417,1.423,1.426,1.417,56171200.0,0.0099,0.0028,0.0143,59.1346,0.0082,0.01,-0.0019,0.2071,59253484.4,0.948
2025-08-06,1.422,1.431,1.431,1.419,39360900.0,0.0056,0.0099,0.0214,58.9372,0.0086,0.0097,-0.0011,0.2076,57368444.4,0.6861
2025-08-07,1.438,1.436,1.438,1.433,40384800.0,0.0035,0.0035,0.0257,60.4762,0.0093,0.0097,-0.0004,0.2077,50569800.0,0.7986
2025-08-08,1.464,1.461,1.467,1.458,74839600.0,0.0174,0.0406,0.0488,64.3777,0.0117,0.0101,0.0017,0.2137,51684120.0,1.448
2025-08-11,1.478,1.478,1.482,1.476,46261300.0,0.0116,0.049,0.0671,68.4426,0.0148,0.011,0.0038,0.2138,51403560.0,0.9
2025-08-12,1.487,1.484,1.494,1.483,57133700.0,0.0041,0.0429,0.0623,59.8958,0.0176,0.0123,0.0053,0.2129,51596060.0,1.1073
2025-08-13,1.501,1.51,1.511,1.501,42672700.0,0.0175,0.0552,0.0903,60.9137,0.0216,0.0142,0.0074,0.214,52258420.0,0.8166
2025-08-14,1.498,1.496,1.502,1.493,45325800.0,-0.0093,0.0418,0.0732,63.1579,0.0234,0.016,0.0074,0.2192,53246620.0,0.8512
2025-08-15,1.497,1.523,1.524,1.497,39535100.0,0.018,0.0424,0.0941,75.3846,0.0267,0.0182,0.0085,0.2241,46185720.0,0.856
2025-08-18,1.525,1.527,1.532,1.524,53338600.0,0.0026,0.0332,0.0954,77.8351,0.0293,0.0204,0.0089,0.2239,47601180.0,1.1205
2025-08-19,1.522,1.518,1.528,1.518,38766900.0,-0.0059,0.0229,0.0937,75.1244,0.0303,0.0224,0.0079,0.2249,43927820.0,0.8825
2025-08-20,1.494,1.501,1.504,1.492,38230500.0,-0.0112,-0.006,0.038,67.1569,0.0293,0.0238,0.0056,0.1834,43039380.0,0.8883
2025-08-21,1.496,1.488,1.496,1.484,44764500.0,-0.0087,-0.0053,0.0143,72.1053,0.0272,0.0245,0.0028,0.1808,42927120.0,1.0428
2025-08-22,1.485,1.481,1.488,1.478,49993600.0,-0.0047,-0.0276,0.0242,68.75,0.0247,0.0245,0.0002,0.1732,45018820.0,1.1105
2025-08-25,1.493,1.494,1.5,1.492,48605900.0,0.0088,-0.0216,0.0492,68.5864,0.0235,0.0243,-0.0008,0.1636,44072280.0,1.1029
2025-08-26,1.48,1.478,1.48,1.474,51690900.0,-0.0107,-0.0264,0.0416,61.809,0.021,0.0237,-0.0026,0.169,46657080.0,1.1079
2025-08-27,1.478,1.49,1.491,1.478,63745900.0,0.0081,-0.0073,0.0515,63.1068,0.0198,0.0229,-0.0031,0.1697,51760160.0,1.2316
2025-08-28,1.496,1.503,1.504,1.492,70877500.0,0.0087,0.0101,0.0503,60.8247,0.0196,0.0222,-0.0026,0.1691,56982760.0,1.2438
2025-08-29,1.495,1.49,1.496,1.487,57730800.0,-0.0086,0.0061,0.0613,53.1579,0.0182,0.0214,-0.0032,0.1553,58530200.0,0.9863
2025-09-01,1.48,1.478,1.48,1.463,68791200.0,-0.0081,-0.0107,0.049,48.4694,0.016,0.0203,-0.0044,0.1602,62567260.0,1.0995
2025-09-02,1.478,1.478,1.485,1.466,39614800.0,0.0,0.0,0.0387,40.5882,0.014,0.0191,-0.005,0.1579,60152040.0,0.6586
2025-09-03,1.47,1.462,1.471,1.456,58864800.0,-0.0108,-0.0188,0.0217,40.1163,0.0111,0.0175,-0.0064,0.1635,59175820.0,0.9947
2025-09-04,1.473,1.493,1.493,1.472,91727100.0,0.0212,-0.0067,0.0397,41.4773,0.0111,0.0162,-0.0051,0.1783,63345740.0,1.448
2025-09-05,1.502,1.493,1.512,1.49,99800100.0,0.0,0.002,0.0219,40.1163,0.011,0.0152,-0.0042,0.1688,71759600.0,1.3908
2025-09-08,1.507,1.513,1.515,1.506,68756900.0,0.0134,0.0237,0.0237,48.6339,0.0124,0.0146,-0.0022,0.1704,71752740.0,0.9582
2025-09-09,1.523,1.51,1.525,1.509,66460900.0,-0.002,0.0217,0.0175,52.6627,0.0131,0.0143,-0.0012,0.1704,77121960.0,0.8618
2025-09-10,1.513,1.523,1.525,1.508,49083900.0,0.0086,0.0417,0.0086,60.355,0.0145,0.0143,0.0002,0.1616,75165780.0,0.653
2025-09-11,1.532,1.537,1.538,1.524,54170800.0,0.0092,0.0295,0.0274,65.9091,0.0166,0.0148,0.0018,0.1601,67654520.0,0.8007
2025-09-12,1.545,1.553,1.554,1.541,54076500.0,0.0104,0.0402,0.0197,66.4804,0.0193,0.0157,0.0036,0.1517,58509800.0,0.9242
2025-09-15,1.552,1.551,1.552,1.546,35432100.0,-0.0013,0.0251,0.0157,72.1212,0.0211,0.0168,0.0043,0.1517,51844840.0,0.6834
2025-09-16,1.552,1.557,1.565,1.551,43551600.0,0.0039,0.0311,0.0257,71.0692,0.0227,0.018,0.0047,0.15,47262980.0,0.9215
2025-09-17,1.56,1.557,1.567,1.554,46095200.0,0.0,0.0223,0.0373,68.4932,0.0237,0.0191,0.0046,0.1427,46665240.0,0.9878
2025-09-18,1.567,1.575,1.577,1.56,61383200.0,0.0116,0.0247,0.0585,78.1457,0.0256,0.0204,0.0052,0.1409,48107720.0,1.276
2025-09-19,1.582,1.552,1.583,1.55,120188700.0,-0.0146,-0.0006,0.0479,72.8395,0.025,0.0213,0.0037,0.1519,61330160.0,1.9597
2025-09-22,1.573,1.57,1.577,1.567,60644600.0,0.0116,0.0123,0.0509,75.5556,0.0257,0.0222,0.0035,0.1538,66372660.0,0.9137
2025-09-23,1.576,1.593,1.596,1.576,78553400.0,0.0146,0.0231,0.0778,85.0267,0.0278,0.0233,0.0045,0.1512,73373020.0,1.0706
2025-09-24,1.58,1.595,1.597,1.571,70982000.0,0.0013,0.0244,0.0705,82.2785,0.0293,0.0245,0.0047,0.1505,78350380.0,0.906
2025-09-25,1.593,1.581,1.593,1.579,45052100.0,-0.0088,0.0038,0.0519,75.5814,0.029,0.0254,0.0036,0.1552,75084160.0,0.6
2025-09-26,1.574,1.57,1.585,1.568,63256700.0,-0.007,0.0116,0.0537,67.4847,0.0275,0.0258,0.0017,0.1536,63697760.0,0.9931
2025-09-29,1.567,1.578,1.588,1.561,61857700.0,0.0051,0.0051,0.0677,70.2381,0.0267,0.026,0.0007,0.1485,63940380.0,0.9674
2025-09-30,1.578,1.584,1.587,1.575,39797000.0,0.0038,-0.0056,0.0717,68.9441,0.0263,0.0261,0.0002,0.148,56189100.0,0.7083
2025-10-09,1.659,1.67,1.686,1.659,123684481.0,0.0543,0.047,0.1423,78.5408,0.0325,0.0273,0.0051,0.2249,66729596.2,1.8535
2025-10-10,1.666,1.651,1.679,1.635,94150300.0,-0.0114,0.0443,0.1058,70.7627,0.0354,0.029,0.0065,0.2268,76549236.2,1.2299
2025-10-13,1.642,1.636,1.649,1.616,104589200.0,-0.0091,0.042,0.0958,67.0683,0.0362,0.0304,0.0058,0.2318,84815736.2,1.2331
2025-10-14,1.653,1.62,1.658,1.611,116606800.0,-0.0098,0.0266,0.0707,62.1622,0.0351,0.0313,0.0037,0.2348,95765556.2,1.2176
2025-10-15,1.63,1.65,1.711,1.63,188693700.0,0.0185,0.0417,0.0927,66.09,0.0362,0.0323,0.0039,0.2397,125544896.2,1.503
2025-10-16,1.66,1.672,1.673,1.656,133556000.0,0.0133,0.0012,0.0978,66.5529,0.0384,0.0335,0.0049,0.2413,127519200.0,1.0473
2025-10-17,1.667,1.647,1.669,1.64,74581000.0,-0.015,-0.0024,0.0716,66.1017,0.0377,0.0344,0.0033,0.2505,123605340.0,0.6034
2025-10-20,1.679,1.719,1.747,1.679,255442401.0,0.0437,0.0507,0.1069,71.3467,0.0425,0.036,0.0065,0.2877,153775980.2,1.6611
2025-10-21,1.758,1.727,1.777,1.695,316597217.0,0.0047,0.066,0.1135,70.0599,0.0464,0.0381,0.0083,0.2867,193774063.6,1.6338
2025-10-22,1.714,1.753,1.762,1.714,179954700.0,0.0151,0.0624,0.1259,72.067,0.051,0.0406,0.0103,0.2886,192026263.6,0.9371
2025-10-23,1.74,1.746,1.761,1.733,65139873.0,-0.004,0.0443,0.1214,73.5043,0.0534,0.0432,0.0102,0.29,178343038.2,0.3653
2025-10-24,1.764,1.749,1.771,1.746,87417400.0,0.0017,0.0619,0.1105,76.0933,0.055,0.0456,0.0094,0.2896,180910318.2,0.4832
2025-10-27,1.763,1.815,1.836,1.762,174266701.0,0.0377,0.0558,0.1695,79.5511,0.0608,0.0486,0.0122,0.301,164675178.2,1.0582
2025-10-28,1.818,1.822,1.848,1.79,155933996.0,0.0039,0.055,0.1605,79.602,0.0653,0.0519,0.0133,0.301,132542534.0,1.1765
2025-10-29,1.846,1.882,1.885,1.846,152252600.0,0.0329,0.0736,0.1814,78.1915,0.0728,0.0561,0.0167,0.3134,127002114.0,1.1988
2025-10-30,1.882,1.873,1.913,1.86,124270600.0,-0.0048,0.0727,0.1743,80.3279,0.0772,0.0603,0.0168,0.316,138828259.4,0.8951
2025-10-31,1.903,1.928,1.933,1.885,178690500.0,0.0294,0.1023,0.2195,85.9606,0.0841,0.0651,0.019,0.3177,157082879.4,1.1376
2025-11-03,1.933,1.963,2.048,1.932,497418800.0,0.0182,0.0815,0.2503,90.3529,0.0914,0.0703,0.021,0.3123,221713299.2,2.2435
2025-11-04,2.0,1.85,2.0,1.83,406250318.0,-0.0576,0.0154,0.1724,69.685,0.087,0.0737,0.0133,0.3968,271776563.6,1.4948
2025-11-05,1.755,1.805,1.836,1.741,417194028.0,-0.0243,-0.0409,0.1395,62.5235,0.079,0.0747,0.0042,0.4133,324764849.2,1.2846
2025-11-06,1.837,1.847,1.858,1.818,234878130.0,0.0233,-0.0139,0.106,68.2482,0.0752,0.0748,0.0003,0.3793,346886355.2,0.6771
2025-11-07,1.809,1.819,1.831,1.807,151412648.0,-0.0152,-0.0565,0.1018,59.9206,0.0691,0.0737,-0.0046,0.3818,341430784.8,0.4435
2025-11-10,1.838,1.856,1.857,1.835,125217349.0,0.0203,-0.0545,0.1345,62.1013,0.0665,0.0722,-0.0058,0.3815,266990494.6,0.469
2025-11-11,1.871,1.866,1.891,1.841,144995456.0,0.0054,0.0086,0.1519,60.9284,0.0645,0.0707,-0.0062,0.3766,214739522.2,0.6752
2025-11-12,1.845,1.859,1.869,1.824,101008461.0,-0.0038,0.0299,0.1267,60.9284,0.0616,0.0689,-0.0073,0.3762,151502408.8,0.6667
2025-11-13,1.87,1.859,1.877,1.85,64959472.0,0.0,0.0065,0.1118,60.7004,0.0587,0.0668,-0.0082,0.3758,117518677.2,0.5528
2025-11-14,1.835,1.821,1.842,1.816,66341487.0,-0.0204,0.0011,0.1056,50.6173,0.0527,0.064,-0.0113,0.3803,100504445.0,0.6601
2025-11-17,1.797,1.778,1.8,1.737,300342136.0,-0.0236,-0.042,0.0343,45.7854,0.0439,0.06,-0.0161,0.3649,135529402.4,2.2161
2025-11-18,1.74,1.702,1.757,1.69,252175868.0,-0.0427,-0.0879,-0.0145,33.2714,0.0305,0.0541,-0.0236,0.3975,156965484.8,1.6066
2025-11-19,1.718,1.723,1.739,1.705,261870632.0,0.0123,-0.0732,-0.0171,36.3636,0.0213,0.0475,-0.0262,0.3963,189137919.0,1.3845
2025-11-20,1.773,1.76,1.778,1.744,194854719.0,0.0215,-0.0533,0.008,34.2105,0.0169,0.0414,-0.0245,0.4036,215116968.4,0.9058
2025-11-21,1.726,1.7,1.727,1.699,139694565.0,-0.0341,-0.0664,-0.028,26.3914,0.0084,0.0348,-0.0264,0.422,229787584.0,0.6079
2025-11-24,1.7,1.715,1.715,1.679,135029370.0,0.0088,-0.0354,-0.0551,35.2941,0.0028,0.0284,-0.0256,0.3985,196725030.8,0.6864
2025-11-25,1.724,1.706,1.73,1.705,109526800.0,-0.0052,0.0024,-0.0637,38.2979,-0.0023,0.0223,-0.0245,0.3979,168195217.2,0.6512
2025-11-26,1.727,1.74,1.745,1.725,116438700.0,0.0199,0.0099,-0.0755,37.1084,-0.0035,0.0171,-0.0206,0.3848,139108830.8,0.837
2025-11-27,1.754,1.75,1.773,1.743,113691815.0,0.0057,-0.0057,-0.0657,41.3098,-0.0037,0.013,-0.0166,0.3862,122876250.0,0.9253
2025-11-28,1.752,1.747,1.755,1.739,85177500.0,-0.0017,0.0276,-0.0939,34.9862,-0.004,0.0096,-0.0136,0.3668,111972837.0,0.7607
2025-12-01,1.718,1.721,1.734,1.711,85300674.0,-0.0149,0.0035,-0.1233,30.8707,-0.0063,0.0064,-0.0127,0.3582,102027097.8,0.8361
2025-12-02,1.726,1.713,1.731,1.712,58956299.0,-0.0046,0.0041,-0.0741,30.7895,-0.0086,0.0034,-0.012,0.3028,91912997.6,0.6414
2025-12-03,1.725,1.725,1.735,1.715,92385098.0,0.007,-0.0086,-0.0443,32.9082,-0.0094,0.0008,-0.0102,0.2947,87102277.2,1.0607
2025-12-04,1.74,1.772,1.773,1.737,145782000.0,0.0272,0.0126,-0.0406,43.8903,-0.0062,-0.0006,-0.0056,0.2996,93520314.2,1.5588
2025-12-05,1.75,1.757,1.759,1.746,128134100.0,-0.0085,0.0057,-0.0341,47.185,-0.0047,-0.0014,-0.0033,0.2966,102111634.2,1.2548
2025-12-08,1.752,1.752,1.753,1.743,65479200.0,-0.0028,0.018,-0.056,58.2781,-0.004,-0.0019,-0.0021,0.285,98147339.4,0.6672
2025-12-09,1.745,1.73,1.747,1.726,80653800.0,-0.0126,0.0099,-0.0729,51.1551,-0.0051,-0.0025,-0.0025,0.2854,102486839.6,0.787
2025-12-10,1.724,1.718,1.724,1.71,56149100.0,-0.0069,-0.0041,-0.0758,42.446,-0.0069,-0.0034,-0.0034,0.2856,95239640.0,0.5896
2025-12-11,1.719,1.698,1.728,1.697,62719945.0,-0.0116,-0.0418,-0.0866,49.5798,-0.0098,-0.0047,-0.0051,0.2866,78627229.0,0.7977
2025-12-12,1.709,1.715,1.718,1.705,57458145.0,0.01,-0.0239,-0.0582,50.0,-0.0106,-0.0059,-0.0047,0.2843,64492038.0,0.8909
2025-12-15,1.691,1.689,1.697,1.686,60654800.0,-0.0152,-0.036,-0.0501,46.6926,-0.0132,-0.0073,-0.0058,0.2776,63527158.0,0.9548
2025-12-16,1.681,1.653,1.681,1.646,83850100.0,-0.0213,-0.0445,-0.0288,33.2046,-0.0179,-0.0094,-0.0085,0.2448,64166418.0,1.3068
2025-12-17,1.65,1.671,1.676,1.65,88749600.0,0.0109,-0.0274,-0.0302,35.206,-0.02,-0.0115,-0.0084,0.2438,70686518.0,1.2555
2025-12-18,1.65,1.674,1.682,1.648,57784100.0,0.0018,-0.0141,-0.0489,36.3296,-0.0212,-0.0135,-0.0077,0.2288,69699349.0,0.829
2025-12-19,1.685,1.705,1.724,1.677,137664455.0,0.0185,-0.0058,0.0029,47.0588,-0.0193,-0.0146,-0.0047,0.2074,85740611.0,1.6056
2025-12-22,1.73,1.725,1.738,1.722,70975550.0,0.0117,0.0213,0.0058,52.1127,-0.0161,-0.0149,-0.0012,0.2092,87804761.0,0.8083
2025-12-23,1.726,1.711,1.726,1.71,44410705.0,-0.0081,0.0351,0.0029,47.5524,-0.0145,-0.0149,0.0003,0.2105,79916882.0,0.5557
2025-12-24,1.72,1.709,1.72,1.706,26514900.0,-0.0012,0.0227,-0.0178,36.9295,-0.0133,-0.0145,0.0013,0.1972,67469942.0,0.393
2025-12-25,1.71,1.704,1.712,1.701,21074400.0,-0.0029,0.0179,-0.0263,38.5281,-0.0125,-0.0141,0.0016,0.1958,60128002.0,0.3505
2025-12-26,1.712,1.711,1.719,1.707,36177700.0,0.0041,0.0035,-0.0206,41.2017,-0.0113,-0.0136,0.0023,0.1967,39830651.0,0.9083
2025-12-29,1.706,1.694,1.708,1.69,33431200.0,-0.0099,-0.018,-0.0157,42.1053,-0.0115,-0.0131,0.0017,0.1928,32321781.0,1.0343
2025-12-30,1.69,1.685,1.69,1.677,26380020.0,-0.0053,-0.0152,-0.0163,42.6667,-0.0122,-0.013,0.0007,0.193,28715644.0,0.9187
2025-12-31,1.679,1.679,1.684,1.675,21981290.0,-0.0036,-0.0176,-0.0267,45.4976,-0.0132,-0.013,-0.0002,0.191,27808922.0,0.7904
2026-01-05,1.713,1.715,1.718,1.706,62736340.0,0.0214,0.0065,-0.0322,50.0,-0.0109,-0.0126,0.0017,0.1803,36141310.0,1.7359
2026-01-06,1.722,1.739,1.74,1.722,70949018.0,0.014,0.0164,-0.0102,60.9649,-0.0071,-0.0115,0.0044,0.1864,43095573.6,1.6463
2026-01-07,1.729,1.722,1.737,1.72,58054600.0,-0.0098,0.0165,-0.0171,66.5072,-0.0053,-0.0103,0.0049,0.1892,48020253.6,1.209
2026-01-08,1.709,1.706,1.709,1.702,47150340.0,-0.0093,0.0125,-0.0139,58.4541,-0.0052,-0.0092,0.004,0.1868,52174317.6,0.9037
2026-01-09,1.717,1.717,1.726,1.708,57751100.0,0.0064,0.0226,-0.0006,60.0,-0.0042,-0.0082,0.0041,0.1869,59328279.6,0.9734
2026-01-12,1.74,1.746,1.747,1.732,67751200.0,0.0169,0.0181,0.0283,59.6244,-0.001,-0.0068,0.0058,0.1907,60331251.6,1.123
2026-01-13,1.772,1.769,1.776,1.756,87023386.0,0.0132,0.0173,0.0315,60.1852,0.0034,-0.0047,0.0081,0.1928,63546125.2,1.3695
2026-01-14,1.793,1.784,1.796,1.772,61076400.0,0.0085,0.036,0.0562,66.8203,0.0079,-0.0022,0.0101,0.1836,64150485.2,0.9521
2026-01-15,1.76,1.778,1.779,1.756,60755600.0,-0.0034,0.0422,0.0756,65.6109,0.0109,0.0004,0.0105,0.1621,66871537.2,0.9085
2026-01-16,1.76,1.778,1.788,1.757,107486798.0,0.0,0.0355,0.064,67.1296,0.0131,0.003,0.0102,0.1603,76818676.8,1.3992
2026-01-19,1.758,1.751,1.765,1.737,70675400.0,-0.0152,0.0029,0.046,58.4746,0.0126,0.0049,0.0077,0.1731,77403516.8,0.9131
2026-01-20,1.741,1.724,1.746,1.722,61756000.0,-0.0154,-0.0254,0.0111,56.0976,0.0098,0.0059,0.004,0.1728,72350039.6,0.8536
2026-01-21,1.717,1.728,1.73,1.711,46325200.0,0.0023,-0.0314,0.0017,58.9212,0.0079,0.0063,0.0016,0.1679,69399799.6,0.6675
2026-01-22,1.74,1.76,1.761,1.74,56209000.0,0.0185,-0.0101,0.0286,65.1685,0.0089,0.0068,0.0021,0.177,68490479.6,0.8207
2026-01-23,1.76,1.75,1.766,1.74,49935600.0,-0.0057,-0.0157,0.024,57.2614,0.0087,0.0072,0.0015,0.1786,56980240.0,0.8764
2026-01-26,1.746,1.736,1.749,1.731,73667900.0,-0.008,-0.0086,0.0188,49.3506,0.0074,0.0072,0.0001,0.181,57578740.0,1.2794
2026-01-27,1.739,1.754,1.755,1.738,62892495.0,0.0104,0.0174,0.0251,56.8966,0.0077,0.0073,0.0004,0.1838,57806039.0,1.088
2026-01-28,1.751,1.777,1.781,1.746,86740600.0,0.0131,0.0284,0.049,64.8536,0.0096,0.0078,0.0019,0.1833,65889119.0,1.3165
2026-01-29,1.769,1.762,1.775,1.755,71144552.0,-0.0084,0.0011,0.0457,59.2593,0.0099,0.0082,0.0017,0.1854,68876229.4,1.0329
2026-01-30,1.765,1.753,1.776,1.741,79678100.0,-0.0051,0.0017,0.0441,51.5695,0.0093,0.0084,0.0008,0.1861,74824729.4,1.0649
2026-02-02,1.769,1.713,1.772,1.71,98083300.0,-0.0228,-0.0132,-0.0012,38.3333,0.0055,0.0078,-0.0024,0.1917,79707809.4,1.2305
2026-02-03,1.754,1.779,1.78,1.752,142585300.0,0.0385,0.0143,0.023,49.1409,0.0077,0.0078,-0.0001,0.2312,95646370.4,1.4908
2026-02-04,1.761,1.774,1.775,1.755,55136000.0,-0.0028,-0.0017,0.0302,49.3103,0.009,0.008,0.0009,0.2281,89325450.4,0.6172
2026-02-05,1.769,1.752,1.77,1.74,64778300.0,-0.0124,-0.0057,0.027,45.8333,0.0081,0.008,0.0,0.2303,88052200.0,0.7357
2026-02-06,1.73,1.755,1.774,1.727,77717200.0,0.0017,0.0011,0.0221,50.6944,0.0075,0.0079,-0.0004,0.2296,87660020.0,0.8866
2026-02-09,1.835,1.814,1.855,1.81,164015682.0,0.0336,0.059,0.0389,64.0625,0.0118,0.0087,0.003,0.2514,100846496.4,1.6264
2026-02-10,1.855,1.887,1.905,1.855,285726170.0,0.0402,0.0607,0.0667,70.437,0.0207,0.0111,0.0096,0.2836,129474670.4,2.2068
2026-02-11,1.909,1.937,1.953,1.906,386539802.0,0.0265,0.0919,0.0858,71.7445,0.0315,0.0152,0.0163,0.2949,195755430.8,1.9746
2026-02-12,1.938,1.912,1.944,1.911,202025892.0,-0.0129,0.0913,0.0754,69.1943,0.0376,0.0197,0.0179,0.3,223204949.2,0.9051
2026-02-13,1.9,1.933,1.94,1.885,187224725.0,0.011,0.1014,0.0872,72.9604,0.0436,0.0245,0.0192,0.3007,245106454.2,0.7639
2026-02-24,1.937,1.925,1.942,1.916,90371000.0,-0.0041,0.0612,0.0994,70.4057,0.0472,0.029,0.0182,0.2937,230377517.8,0.3923
2026-02-25,1.939,1.947,1.966,1.934,154108631.0,0.0114,0.0318,0.1294,70.3349,0.0513,0.0335,0.0178,0.2844,204054010.0,0.7552
2026-02-26,1.957,1.938,1.96,1.934,83670615.0,-0.0046,0.0005,0.1215,71.3592,0.0531,0.0374,0.0157,0.2867,143480172.6,0.5832
2026-02-27,1.93,1.94,1.956,1.92,110527973.0,0.001,0.0146,0.1023,73.0864,0.0541,0.0407,0.0134,0.2832,125180588.8,0.8829
2026-03-02,1.916,1.913,1.945,1.911,126772735.0,-0.0139,-0.0103,0.0931,75.5102,0.0521,0.043,0.0091,0.2888,113090190.8,1.121
2026-03-03,1.897,1.834,1.899,1.831,159932000.0,-0.0413,-0.0473,0.0565,56.7901,0.0437,0.0432,0.0005,0.3294,127002390.8,1.2593
2026-03-04,1.78,1.775,1.809,1.755,176799602.0,-0.0322,-0.0883,0.012,50.1089,0.0319,0.0409,-0.009,0.3506,131540585.0,1.3441
2026-03-05,1.847,1.834,1.858,1.814,134283200.0,0.0332,-0.0537,0.0321,58.2661,0.0269,0.0381,-0.0112,0.3669,141663102.0,0.9479
2026-03-06,1.821,1.829,1.833,1.801,112726500.0,-0.0027,-0.0572,0.038,57.4297,0.0224,0.035,-0.0126,0.3653,142102807.4,0.7933
2026-03-09,1.737,1.766,1.785,1.705,275253200.0,-0.0344,-0.0768,0.0074,45.2191,0.0135,0.0307,-0.0171,0.3872,171798900.4,1.6022
2026-03-10,1.811,1.785,1.814,1.773,166155200.0,0.0108,-0.0267,0.042,38.6161,0.0079,0.0261,-0.0182,0.3784,173043540.4,0.9602
2026-03-11,1.802,1.801,1.815,1.794,137731900.0,0.009,0.0146,0.0124,33.5749,0.0048,0.0219,-0.0171,0.3547,165230000.0,0.8336
2026-03-12,1.781,1.791,1.797,1.765,81977100.0,-0.0056,-0.0234,0.0096,34.8371,0.0014,0.0178,-0.0163,0.3553,154768780.0,0.5297
2026-03-13,1.776,1.77,1.782,1.768,50100577.0,-0.0117,-0.0323,0.0103,29.5739,-0.0029,0.0136,-0.0165,0.3549,142243595.4,0.3522
2026-03-16,1.76,1.767,1.769,1.744,76247923.0,-0.0017,0.0006,0.0068,29.9492,-0.0065,0.0096,-0.0161,0.355,102442540.0,0.7443
2026-03-17,1.771,1.737,1.772,1.73,71202700.0,-0.017,-0.0269,-0.0424,23.8806,-0.0116,0.0054,-0.017,0.3376,83452040.0,0.8532
2026-03-18,1.765,1.779,1.78,1.757,111298800.0,0.0242,-0.0122,-0.0572,31.7241,-0.0121,0.0019,-0.014,0.315,78165420.0,1.4239
2026-03-19,1.726,1.735,1.754,1.725,84516000.0,-0.0247,-0.0313,-0.1043,28.5115,-0.0159,-0.0017,-0.0142,0.3042,78673200.0,1.0743
2026-03-20,1.74,1.719,1.744,1.713,66236552.0,-0.0092,-0.0288,-0.1009,29.1845,-0.02,-0.0054,-0.0146,0.3033,81900395.0,0.8087
2026-03-23,1.664,1.634,1.68,1.63,179689055.0,-0.0494,-0.0753,-0.1547,28.8136,-0.0297,-0.0102,-0.0195,0.3349,102588621.4,1.7515
2026-03-25,1.654,1.679,1.68,1.642,132045900.0,0.0275,-0.0334,-0.1278,39.5197,-0.0334,-0.0149,-0.0186,0.358,114757261.4,1.1507
